{
	"tableData": [{
    "date": "2017-3-4",
    "phone": "13415637070",
    "name": "小明",
    "content": "本人在贵医院检查被医生呼来喝去的，医生态度及其不耐心，不尊重患者，他的员工编号为0079",
    "department": "外科",
    "way": "来信",
    "Processing": "该投诉已经处理",
    "results": "最后，医院对该医生进行教育以及批评，并以此为戒，同时该医生也为其行为做出道歉"
  },{
    "date": "2017-5-6",
    "phone": "13415637071",
    "name": "天天",
    "content": "本人在贵医院买药时，发现药单的金额和贵医院实际收我的医药费不符合，贵医院收多了",
    "department": "缴费处",
    "way": "电话",
    "Processing": "该投诉已经处理",
    "results": "最后，我们对我们收钱失误的行为道歉，并且把多收该患者的钱归还回给ta"
  },{
    "date": "2017-6-7",
    "phone": "号码为空",
    "name": "匿名",
    "content": "本人2017-6-7在贵医院看病，结果遇到一个态度非常不好的护士，她说话语气非常不友好，很拽，她的员工编号为0008",
    "department": "护理部",
    "way": "来信",
    "Processing": "该投诉已经处理",
    "results": "最后，医院对该护士进行教育以及批评，并以此为戒，同时该医生也为其行为做出道歉"
  },{
    "date": "2017-8-7",
    "phone": "13415637075",
    "name": "李四",
    "content": "本人带母亲来贵医院看病，结果母亲的身体越来糟糕，后来查看一下贵医院医生开的药单里，发现了加入了一些不是治理我母亲的病的药，如今我要投诉贵医院医生误诊开药",
    "department": "医务部",
    "way": "来信",
    "Processing": "该投诉在处理中",
    "results": "最终结果还没出来"
  }]
}