{
  "tableDataC": [
    {
	   "index": 1,
      "type": "中药",
      "drugname": "五味子",
      "OTC": "非处方药",
      "specification": "120g/瓶",
      "form": "固体剂型",
      "expiry_date": "2017-09-01",
      "vender": "敦化市汇吉工坊参茸制品加工厂",
      "quantity": 50,
      "price": 29.90,
      "productname": "同仁堂 益肾乌发口服液 10支补肝肾乌发脱发头发早白",
      "use_quantity": "一次1支（10ml）一日2次",
      "brand": "同仁堂",
      "plantype": "标准装",
      "expiry": "36个月",
      "genericname": "益肾乌发口服液",
      "certificate": "国药准字Z11020338",
      "usage": "口服"
    },{
      "index": 2,
      "type": "中药",
      "drugname": "益肾乌发口服液",
      "OTC": "非处方药",
      "specification": "10ml*10支/盒",
      "form": "口服液",
      "expiry_date": "2017-10-01",
      "vender": "北京同仁堂科技发展股份有限公司",
      "quantity": 100,
      "price": 108.90,
      "productname": "同仁堂 益肾乌发口服液 10支补肝肾乌发脱发头发早白",
      "use_quantity": "一次1支（10ml）一日2次",
      "brand": "同仁堂",
      "plantype": "标准装",
      "expiry": "36个月",
      "genericname": "益肾乌发口服液",
      "certificate": "国药准字Z11020338",
      "usage": "口服"
		},{
      "index": 3,
      "type": "中药",
      "drugname": "调经丸",
      "OTC": "非处方药",
      "specification": "9g*10丸/盒",
      "form": "丸剂",
      "expiry_date": "2017-09-05",
      "vender": "北京同仁堂股份有限公司同仁堂制药厂",
      "quantity": 10,
      "price": 15.00,
      "productname": "同仁堂 益肾乌发口服液 10支补肝肾乌发脱发头发早白",
      "use_quantity": "一次1支（10ml）一日2次",
      "brand": "同仁堂",
      "plantype": "标准装",
      "expiry": "36个月",
      "genericname": "益肾乌发口服液",
      "certificate": "国药准字Z11020338",
      "usage": "口服"
		},{
      "index": 4,
      "type": "中药",
      "drugname": "坤宝丸",
      "OTC": "非处方药",
      "specification": "50粒*10袋/盒",
      "form": "丸剂",
      "expiry_date": "2017-08-09",
      "vender": "北京同仁堂股份有限公司同仁堂制药厂",
      "quantity": 8,
      "price": 18.00,
      "productname": "同仁堂 益肾乌发口服液 10支补肝肾乌发脱发头发早白",
      "use_quantity": "一次1支（10ml）一日2次",
      "brand": "同仁堂",
      "plantype": "标准装",
      "expiry": "36个月",
      "genericname": "益肾乌发口服液",
      "certificate": "国药准字Z11020338",
      "usage": "口服"
		},{
      "index": 5,
      "type": "中药",
      "drugname": "复方土槿皮酊",
      "OTC": "非处方药",
      "specification": "15ml*1瓶/盒",
      "form": "外用液体剂",
      "expiry_date": "2018-09-01",
      "vender": "广州敬修堂(药业)股份有限公司",
      "quantity": 0,
      "price": 13.00,
      "productname": "同仁堂 益肾乌发口服液 10支补肝肾乌发脱发头发早白",
      "use_quantity": "一次1支（10ml）一日2次",
      "brand": "同仁堂",
      "plantype": "标准装",
      "expiry": "36个月",
      "genericname": "益肾乌发口服液",
      "certificate": "国药准字Z11020338",
      "usage": "口服"
		},{
      "index": 6,
      "type": "中药",
      "drugname": "藿香正气水",
      "OTC": "非处方药",
      "specification": "10ml*10支/盒",
      "form": "口服液",
      "expiry_date": "2018-07-01",
      "vender": "四川德元药业集团有限公司",
      "quantity": 4,
      "price": 3.00,
      "productname": "同仁堂 益肾乌发口服液 10支补肝肾乌发脱发头发早白",
      "use_quantity": "一次1支（10ml）一日2次",
      "brand": "同仁堂",
      "plantype": "标准装",
      "expiry": "36个月",
      "genericname": "益肾乌发口服液",
      "certificate": "国药准字Z11020338",
      "usage": "口服"
    },{
      "index": 7,
      "type": "中药",
      "drugname": "健胃消食片",
      "OTC": "非处方药",
      "specification": "0.5g*72片/盒",
      "form": "片剂",
      "expiry_date": "2020-01-06",
      "vender": "江中药业股份有限公司",
      "quantity": 3,
      "price": 22.00,
      "productname": "同仁堂 益肾乌发口服液 10支补肝肾乌发脱发头发早白",
      "use_quantity": "一次1支（10ml）一日2次",
      "brand": "同仁堂",
      "plantype": "标准装",
      "expiry": "36个月",
      "genericname": "益肾乌发口服液",
      "certificate": "国药准字Z11020338",
      "usage": "口服"
    },{
      "index": 8,
      "type": "中药",
      "drugname": "安神补脑液",
      "OTC": "非处方药",
      "specification": "10ml*10支/盒",
      "form": "口服液",
      "expiry_date": "2020-04-05",
      "vender": "广州白云山星群（药业）股份有限公司",
      "quantity": 2,
      "price": 52.00,
      "productname": "同仁堂 益肾乌发口服液 10支补肝肾乌发脱发头发早白",
      "use_quantity": "一次1支（10ml）一日2次",
      "brand": "同仁堂",
      "plantype": "标准装",
      "expiry": "36个月",
      "genericname": "益肾乌发口服液",
      "certificate": "国药准字Z11020338",
      "usage": "口服"
    },{
      "index": 9,
      "type": "中药",
      "drugname": "复方珍珠暗疮片",
      "OTC": "非处方药",
      "specification": "0.3g*84片*1瓶/盒",
      "form": "片剂",
      "expiry_date": "2022-02-01",
      "vender": "沈阳东新药业有限公司",
      "quantity": 1,
      "price": 18.00,
      "productname": "同仁堂 益肾乌发口服液 10支补肝肾乌发脱发头发早白",
      "use_quantity": "一次1支（10ml）一日2次",
      "brand": "同仁堂",
      "plantype": "标准装",
      "expiry": "36个月",
      "genericname": "益肾乌发口服液",
      "certificate": "国药准字Z11020338",
      "usage": "口服"
    },{
      "index": 10,
      "type": "中药",
      "drugname": "金花消痤丸",
      "OTC": "非处方药",
      "specification": "4g*9袋/盒",
      "form": "丸剂",
      "expiry_date": "2022-02-03",
      "vender": "昆明中药厂有限公司",
      "quantity": 200,
      "price": 45.00,
      "productname": "同仁堂 益肾乌发口服液 10支补肝肾乌发脱发头发早白",
      "use_quantity": "一次1支（10ml）一日2次",
      "brand": "同仁堂",
      "plantype": "标准装",
      "expiry": "36个月",
      "genericname": "益肾乌发口服液",
      "certificate": "国药准字Z11020338",
      "usage": "口服"
    }
	],
  "tableDataW": [
    {
     "index": 1,
      "type": "西药",
      "drugname": "五味子",
      "OTC": "非处方药",
      "specification": "120g/瓶",
      "form": "固体剂型",
      "expiry_date": "2017-09-01",
      "vender": "敦化市汇吉工坊参茸制品加工厂",
      "quantity": 50,
      "price": 29.90,
      "productname": "同仁堂 益肾乌发口服液 10支补肝肾乌发脱发头发早白",
      "use_quantity": "一次1支（10ml）一日2次",
      "brand": "同仁堂",
      "plantype": "标准装",
      "expiry": "36个月",
      "genericname": "益肾乌发口服液",
      "certificate": "国药准字Z11020338",
      "usage": "口服"
    },{
      "index": 2,
      "type": "西药",
      "drugname": "益肾乌发口服液",
      "OTC": "非处方药",
      "specification": "10ml*10支/盒",
      "form": "口服液",
      "expiry_date": "2017-10-01",
      "vender": "北京同仁堂科技发展股份有限公司",
      "quantity": 100,
      "price": 108.90,
      "productname": "同仁堂 益肾乌发口服液 10支补肝肾乌发脱发头发早白",
      "use_quantity": "一次1支（10ml）一日2次",
      "brand": "同仁堂",
      "plantype": "标准装",
      "expiry": "36个月",
      "genericname": "益肾乌发口服液",
      "certificate": "国药准字Z11020338",
      "usage": "口服"
    },{
      "index": 3,
      "type": "西药",
      "drugname": "调经丸",
      "OTC": "非处方药",
      "specification": "9g*10丸/盒",
      "form": "丸剂",
      "expiry_date": "2017-09-05",
      "vender": "北京同仁堂股份有限公司同仁堂制药厂",
      "quantity": 10,
      "price": 15.00,
      "productname": "同仁堂 益肾乌发口服液 10支补肝肾乌发脱发头发早白",
      "use_quantity": "一次1支（10ml）一日2次",
      "brand": "同仁堂",
      "plantype": "标准装",
      "expiry": "36个月",
      "genericname": "益肾乌发口服液",
      "certificate": "国药准字Z11020338",
      "usage": "口服"
    },{
      "index": 4,
      "type": "西药",
      "drugname": "坤宝丸",
      "OTC": "非处方药",
      "specification": "50粒*10袋/盒",
      "form": "丸剂",
      "expiry_date": "2017-08-09",
      "vender": "北京同仁堂股份有限公司同仁堂制药厂",
      "quantity": 8,
      "price": 18.00,
      "productname": "同仁堂 益肾乌发口服液 10支补肝肾乌发脱发头发早白",
      "use_quantity": "一次1支（10ml）一日2次",
      "brand": "同仁堂",
      "plantype": "标准装",
      "expiry": "36个月",
      "genericname": "益肾乌发口服液",
      "certificate": "国药准字Z11020338",
      "usage": "口服"
    },{
      "index": 5,
      "type": "西药",
      "drugname": "复方土槿皮酊",
      "OTC": "非处方药",
      "specification": "15ml*1瓶/盒",
      "form": "外用液体剂",
      "expiry_date": "2018-09-01",
      "vender": "广州敬修堂(药业)股份有限公司",
      "quantity": 0,
      "price": 13.00,
      "productname": "同仁堂 益肾乌发口服液 10支补肝肾乌发脱发头发早白",
      "use_quantity": "一次1支（10ml）一日2次",
      "brand": "同仁堂",
      "plantype": "标准装",
      "expiry": "36个月",
      "genericname": "益肾乌发口服液",
      "certificate": "国药准字Z11020338",
      "usage": "口服"
    },{
      "index": 6,
      "type": "西药",
      "drugname": "藿香正气水",
      "OTC": "非处方药",
      "specification": "10ml*10支/盒",
      "form": "口服液",
      "expiry_date": "2018-07-01",
      "vender": "四川德元药业集团有限公司",
      "quantity": 4,
      "price": 3.00,
      "productname": "同仁堂 益肾乌发口服液 10支补肝肾乌发脱发头发早白",
      "use_quantity": "一次1支（10ml）一日2次",
      "brand": "同仁堂",
      "plantype": "标准装",
      "expiry": "36个月",
      "genericname": "益肾乌发口服液",
      "certificate": "国药准字Z11020338",
      "usage": "口服"
    },{
      "index": 7,
      "type": "西药",
      "drugname": "健胃消食片",
      "OTC": "非处方药",
      "specification": "0.5g*72片/盒",
      "form": "片剂",
      "expiry_date": "2020-01-06",
      "vender": "江中药业股份有限公司",
      "quantity": 3,
      "price": 22.00,
      "productname": "同仁堂 益肾乌发口服液 10支补肝肾乌发脱发头发早白",
      "use_quantity": "一次1支（10ml）一日2次",
      "brand": "同仁堂",
      "plantype": "标准装",
      "expiry": "36个月",
      "genericname": "益肾乌发口服液",
      "certificate": "国药准字Z11020338",
      "usage": "口服"
    },{
      "index": 8,
      "type": "西药",
      "drugname": "安神补脑液",
      "OTC": "非处方药",
      "specification": "10ml*10支/盒",
      "form": "口服液",
      "expiry_date": "2020-04-05",
      "vender": "广州白云山星群（药业）股份有限公司",
      "quantity": 2,
      "price": 52.00,
      "productname": "同仁堂 益肾乌发口服液 10支补肝肾乌发脱发头发早白",
      "use_quantity": "一次1支（10ml）一日2次",
      "brand": "同仁堂",
      "plantype": "标准装",
      "expiry": "36个月",
      "genericname": "益肾乌发口服液",
      "certificate": "国药准字Z11020338",
      "usage": "口服"
    },{
      "index": 9,
      "type": "西药",
      "drugname": "复方珍珠暗疮片",
      "OTC": "非处方药",
      "specification": "0.3g*84片*1瓶/盒",
      "form": "片剂",
      "expiry_date": "2022-02-01",
      "vender": "沈阳东新药业有限公司",
      "quantity": 1,
      "price": 18.00,
      "productname": "同仁堂 益肾乌发口服液 10支补肝肾乌发脱发头发早白",
      "use_quantity": "一次1支（10ml）一日2次",
      "brand": "同仁堂",
      "plantype": "标准装",
      "expiry": "36个月",
      "genericname": "益肾乌发口服液",
      "certificate": "国药准字Z11020338",
      "usage": "口服"
    },{
      "index": 10,
      "type": "西药",
      "drugname": "金花消痤丸",
      "OTC": "非处方药",
      "specification": "4g*9袋/盒",
      "form": "丸剂",
      "expiry_date": "2022-02-03",
      "vender": "昆明中药厂有限公司",
      "quantity": 200,
      "price": 45.00,
      "productname": "同仁堂 益肾乌发口服液 10支补肝肾乌发脱发头发早白",
      "use_quantity": "一次1支（10ml）一日2次",
      "brand": "同仁堂",
      "plantype": "标准装",
      "expiry": "36个月",
      "genericname": "益肾乌发口服液",
      "certificate": "国药准字Z11020338",
      "usage": "口服"
    }
  ]
}