{
       
	"table": [
       {
       	  "name": "张彩平",
       	  "address": "上海市普陀区金沙江路 1518 弄",
       	  "sex": "女",
          "age": 25,
       	  "position": "护士",
       	  "department": "妇科",
       	  "education": "中专学历",
       	  "profession": "护理专业",
       	  "date": "2016-05-03"
       },
       {
       	  "name": "何梦阳",
       	  "address": "上海市普陀区金沙江路 1518 弄",
       	  "sex": "女",
          "age": 26,
       	  "position": "护士",
       	  "department": "急诊科",
       	  "education": "中专学历",
       	  "profession": "护理专业",
       	  "date": "2016-05-03"
       },
       {
       	  "name": "苏红萍",
       	  "address": "上海市普陀区金沙江路 1518 弄",
       	  "sex": "女",
          "age": 31,
       	  "position": "护师",
       	  "department": "妇科",
       	  "education": "专科学历",
       	  "profession": "心理治疗与心理咨询专业",
       	  "date": "2011-11-03"
       },
       {
       	  "name": "梁芊月",
       	  "address": "上海市普陀区金沙江路 1518 弄",
       	  "sex": "女",
          "age": 28,
       	  "position": "护师",
       	  "department": "妇科",
       	  "education": "专科学历",
       	  "profession": "护理专业",
       	  "date": "2013-05-09"
       },
       {
       	  "name": "程雨彤 ",
       	  "address": "上海市普陀区金沙江路 1518 弄",
       	  "sex": "女",
          "age": 27,
       	  "position": "护师",
       	  "department": "助产科",
       	  "education": "专科学历",
       	  "profession": "护理专业",
       	  "date": "2014-07-03"
       },
       {
       	  "name": "邱子嫣",
       	  "address": "上海市普陀区金沙江路 1518 弄",
       	  "sex": "女",
          "age": 28,
       	  "position": "主管护师",
       	  "department": "妇科",
       	  "education": "本科学历",
       	  "profession": "临床心理学专业",
       	  "date": "2016-05-03"
       },
         {
       	  "name": "黎诗媛",
       	  "address": "上海市普陀区金沙江路 1518 弄",
       	  "sex": "女",
          "age": 29,
       	  "position": "主管护师",
       	  "department": "儿科",
       	  "education": "本科学历",
       	  "profession": "医学心理与心理健康专业",
       	  "date": "2016-05-03"
       },
         {
       	  "name": "陶柳萍",
       	  "address": "上海市普陀区金沙江路 1518 弄",
       	  "sex": "女",
          "age": 38,
       	  "position": "主管护师",
       	  "department": "助产科",
       	  "education": "本科学历",
       	  "profession": "临床心理学专业",
       	  "date": "2016-05-03"
       }
	]
}