{
  "home": {

    "title": "安逸医院内部管理系统首页",
    "subheading": "Hospital information system",
    "survey": "安逸医院内部管理系统是五人团队，精心打造的新一代医院信息管理系统。 按照国家相关规定，高标准、高要求的开发条件，符合国家卫计委《医院信息系统基本功能规范》和卫计委与财务部共同发布的新《医院财务管理制度》的规范 与要求。",
    "projectTeam": {
      "groupLeader": "梁明明",
      "teamMembers": "陈秋明 李怡敏 谢云凤 邓莹莹",
      "technology": "vue.js webpack vue-cli vue-router vue-resource ESlint ElementUI stylu github团队协作 Git版本控制工具"
    },
    "introduce": {
      "nurse": ["助产科护士，急诊科护士，儿科护士等等", "增加信息 年龄 性别 入职年份(精确到月日) 照片 学历 专业 职称 科室", "删除信息 传一个id给后台 ajax？form ", "编辑信息 传一个信息给后台ajax？form 数据多 就表单", "人员流动信息 入职年份(精确到月) 离职年份(精确到月) 离职原因", "轮班 每个科室的轮班护士 时间 ---显示护士信息", "查看投诉信息", "只有护士长才能增加、删除、编辑护士信息， 安排轮班护士和增加轮班、删除轮班、编辑轮班"],
      "doctor": ["增加信息 年龄 性别 入职年份(精确到月日) 照片 学历 专业 职称 科室", ".删除信息 传一个id给后台 ajax？form ", "编辑信息 传一个信息给后台ajax？form", "人员流动信息 入职年份(精确到月) 离职年份(精确到月) 离职原因", "轮班 每个科室的轮班医生 时间 ---显示医生信息", "查看科室投诉信息", "只有科室主任才能增加、删除、编辑护士信息， 安排轮班护士和增加轮班、删除轮班、编辑轮班"],
      "cashier": ["为患者挂号，收取费用，已收取，找零，挂号医生", "患者信息年龄 性别 身份证号 家庭住址 挂号信息、电话 "],
      "pharmacy":["药师判断是否合理，决定是否出药或则质疑医生处方","药的种类，数目，库存，厂家，生产日期，规格，剂型 药库系统"],
      "drugStorage":["进药","出药","消耗不可用的药物","查询当前药库的药品","药库系统还都有进货的厂家，数目，金额，入库储存，储存温度(主要是常温和冷藏)和记录，随货同行单，经手人，质管员，仓库员等等"],
      "patient":["增加患者","编辑患者信息","删除患者","年龄 性别 身份证号 家庭住址 挂号信息、电话","不可修改和删除   就诊时间、面诊医生、科室、需要的治疗、药（药品名称和药品数量）、处方和医嘱、是否住院 、出院时间","住院：病房 （房号 病房类型）"],
      "hospital":["医院基本介绍","医生护士人数介绍","优秀医护人员介绍","今周患者就诊数量统计"],
      "register":["读取登录用户名，密码","验证密码","读取用户角色 ，改变左侧导航栏"],
      "personalHomepage":["除了基本个人（可能他回事医生、护士、药师）信息、个人工作内容、可以申请休假 或离职  ---申请原因 、查看投诉信息","个人信息包括年龄 性别 入职年份(精确到月日) 照片 学历 专业 职称 科室","修改密码","退出登陆"]
    }
  }

}