{
  "drug": [
    {
      "id": "05",
      "name": "头孢克肟片",
      "manufacturers": "白云山制药总厂",
      "amount": "10",
      "handlers":"黄处",
      "timeApplication":"2017-6-29 10:24:48",
      "outOfTime":"2017-7-1 12:20:45"
    },
    {
      "id": "06",
      "name": "注射用益气复脉",
      "manufacturers": "天津天士力制药公司",
      "amount": "50",
      "handlers":"黄处",
      "timeApplication":"2017-7-3 10:24:48",
      "outOfTime":false
    },
    {
      "id": "07",
      "name": "注射用益气复脉",
      "manufacturers": "天津天士力制药公司",
      "amount": "50",
      "handlers":"黄处",
      "timeApplication":"2017-7-3 10:24:48",
      "outOfTime":false
    },
    {
      "id": "08",
      "name": "注射用益气复脉",
      "manufacturers": "天津天士力制药公司",
      "amount": "50",
      "handlers":"康维强",
      "timeApplication":"2017-7-3 10:24:48",
      "outOfTime":false
    },
    {
      "id": "09",
      "name": "注射用益气复脉",
      "manufacturers": "天津天士力制药公司",
      "amount": "50",
      "handlers":"康维强",
      "timeApplication":"2017-7-3 10:24:48",
      "outOfTime":false
    },
    {
      "id": "10",
      "name": "头孢克肟片",
      "manufacturers": "白云山制药总厂",
      "amount": "10",
      "handlers":"黄处",
      "timeApplication":"2017-6-29 10:24:48",
      "outOfTime":"2017-7-1 12:20:45"
    },
    {
      "id": "11",
      "name": "头孢克肟片",
      "manufacturers": "白云山制药总厂",
      "amount": "10",
      "handlers":"康维强",
      "timeApplication":"2017-6-29 10:24:48",
      "outOfTime":"2017-7-1 12:20:45"
    },{
      "id": "12",
      "name": "头孢克肟片",
      "manufacturers": "白云山制药总厂",
      "amount": "10",
      "handlers":"黄处",
      "timeApplication":"2017-6-29 10:24:48",
      "outOfTime":"2017-7-1 12:20:45"
    }
  ]
}


