{
  "total": 156,
  "drug": [
    {
      "id":"04",
      "name": "头孢克肟片",
      "manufacturers": "白云山制药总厂",
      "amount": "200",
      "handlers": "黄处",
      "temperature": "01",
      "qualityOfficer": "林安徽",
      "warehouseman": "梁尚",
      "pattern": "01",
      "species": "处方",
      "productionData": "2017-6-29 10:24:48",
      "specification": "50mg",
      "dosageForm": "片剂",
      "date2": "2017-7-29 10:24:48",
      "unitPrice": "41"
    },
    {
      "id":"06",
      "name": "盐酸二甲酸弧缓释片",
      "manufacturers": "白云山制药总厂",
      "amount" : "200",
      "handlers": "黄处",
      "temperature": "01",
      "qualityOfficer": "林安徽",
      "warehouseman": "梁尚",
      "pattern": "02",
      "species": "处方",
      "productionData": "2017-6-29 10:24:48",
      "specification": "50mg",
      "dosageForm": "片剂",
      "date2": "2017-7-29 10:24:48",
      "unitPrice": "29"
    },
    {
      "id":"07",
      "name": "B头孢氨胶囊",
      "manufacturers": "江门市恒健药业有限公司",
      "amount": "127",
      "handlers": "黄处",
      "temperature": "01",
      "qualityOfficer": "林安徽",
      "warehouseman": "梁尚",
      "pattern": "01",
      "species": "处方",
      "productionData": "2017-6-29 10:24:48",
      "specification": "50mg",
      "dosageForm": "胶囊剂",
      "date2": "2017-7-29 10:24:48",
      "unitPrice":"23"
    },
    {
      "id":"08",
      "name": "B头孢氨胶囊",
      "manufacturers": "江门市恒健药业有限公司",
      "amount": "127",
      "handlers": "黄处",
      "temperature": "01",
      "qualityOfficer": "林安徽",
      "warehouseman": "梁尚",
      "pattern": "01",
      "species": "处方",
      "productionData": "2017-6-29 10:24:48",
      "specification": "50mg",
      "dosageForm": "胶囊剂",
      "date2": "2017-7-29 10:24:48",
      "unitPrice":"23"
    },
    {
      "id":"09",
      "name": "B头孢氨胶囊",
      "manufacturers": "江门市恒健药业有限公司",
      "amount": "127",
      "handlers": "黄处",
      "temperature": "01",
      "qualityOfficer": "林安徽",
      "warehouseman": "梁尚",
      "pattern": "01",
      "species": "处方",
      "productionData": "2017-6-29 10:24:48",
      "specification": "50mg",
      "dosageForm": "胶囊剂",
      "date2": "2017-7-29 10:24:48",
      "unitPrice":"23"
    },
    {
      "id":"10",
      "name": "B头孢氨胶囊",
      "manufacturers": "江门市恒健药业有限公司",
      "amount": "127",
      "handlers": "黄处",
      "temperature": "01",
      "qualityOfficer": "林安徽",
      "warehouseman": "梁尚",
      "pattern": "01",
      "species": "处方",
      "productionData": "2017-6-29 10:24:48",
      "specification": "50mg",
      "dosageForm": "胶囊剂",
      "date2": "2017-7-29 10:24:48",
      "unitPrice":"23"
    },
    {
      "id":"11",
      "name": "B头孢氨胶囊",
      "manufacturers": "江门市恒健药业有限公司",
      "amount": "127",
      "handlers": "黄处",
      "temperature": "01",
      "qualityOfficer": "林安徽",
      "warehouseman": "梁尚",
      "pattern": "01",
      "species": "处方",
      "productionData": "2017-6-29 10:24:48",
      "specification": "50mg",
      "dosageForm": "胶囊剂",
      "date2": "2017-7-29 10:24:48",
      "unitPrice":"23"
    },
    {
      "id":"12",
      "name": "B头孢氨胶囊",
      "manufacturers": "江门市恒健药业有限公司",
      "amount": "127",
      "handlers": "黄处",
      "temperature": "01",
      "qualityOfficer": "林安徽",
      "warehouseman": "梁尚",
      "pattern": "01",
      "species": "处方",
      "productionData": "2017-6-29 10:24:48",
      "specification": "50mg",
      "dosageForm": "胶囊剂",
      "date2": "2017-7-29 10:24:48",
      "unitPrice":"23"
    }
  ]
}
