{
    "doctorlist": [
    {"id":"17080701", "name":"李秋子","sex":"女","date":"2014-8-1","degree":"本科","major":"临床医学","profession":"主治医师","office":"外科","officeId":"Surgery","isexpert":"no"},
    {"id":"17080801", "name":"黄英","sex":"女","date":"2012-4-5","degree":"大专","major":"护理学","profession":"护士","office":"护士室","isexpert":"no"},
    {"id":"17080802", "name":"罗子君","sex":"女","date":"2017-6-18","degree":"本科","major":"骨科","profession":"主任","office":"骨科","officeId":"Orthopedics","isexpert":"no"},
    {"id":"17080803", "name":"唐颖","sex":"男","date":"2015-8-19","degree":"博士","major":"心理学","profession":"心理医生","office":"精神科","officeId":"Psychiatry","isexpert":"no"},
    {"id":"16080601", "name":"高毅","sex":"男","date":"2013-3-20","degree":"硕士","major":"临床医学","profession":"主治医师","office":"内科","officeId":"Internal","isexpert":"yes"},
    {"id":"16080602", "name":"唐颖","sex":"男","date":"2015-8-19","degree":"博士","major":"临床医学","profession":"主治医师","office":"儿科","officeId":"Paediatrics","isexpert":"no"},
    {"id":"17080804", "name":"王大陆","sex":"男","date":"2013-3-20","degree":"硕士","major":"临床医学","profession":"主治医师","office":"内科","officeId":"Internal","isexpert":"yes"},
    {"id":"17080805", "name":"王博","sex":"男","date":"2012-6-4","degree":"研究生","major":"中医","profession":"主治医师","office":"妇产科","officeId":"Obstetrics_Gynecology","isexpert":"no"},
    {"id":"17080806", "name":"李涂锌","sex":"男","date":"2014-3-1","degree":"硕士","major":"临床医学","profession":"主任","office":"胸心外科","officeId":"Cardiothoracic_Surgery","isexpert":"yes"},
    {"id":"17080807", "name":"秦森","sex":"女","date":"2012-2-21","degree":"本科","major":"口腔医学","profession":"主治医师","office":"口腔科","officeId":"Stomatology","isexpert":"no"},
    {"id":"17080808", "name":"王英","sex":"女","date":"2016-5-15","degree":"研究生","major":"药学","profession":"教授","office":"  男科","officeId":"Andrology","isexpert":"no"}
  ]
      
}